ActiveTime,ClientType,ComputerName,Description,IdleTime,InstallDate,Name,ResourcesOpened,SessionType,Status,TransportName,UserName
59075,"Windows Server 2003 3790 Service Pack 1","172.18.128.20","",0,,"",5,2,"","\Device\NetbiosSmb","WME1741",
35950,"Windows Server 2003 3790 Service Pack 1","172.18.128.21","",685,,"",5,2,"","\Device\NetbiosSmb","WB79056",
23591,"Windows 2002 Service Pack 3 2600","B426","",316,,"",2,2,"","\Device\NetBT_Tcpip_{EC8A3CA5-F812-4C0A-9C61-91EB4B6A22C9}","MDE1926",
54909,"Windows Server 2003 3790 Service Pack 1","172.18.128.6","",0,,"",4,2,"","\Device\NetbiosSmb","HH78284",
52815,"Windows Server 2003 3790 Service Pack 1","172.18.128.4","",0,,"",16,2,"","\Device\NetbiosSmb","PL76850",
49331,"Windows 2002 Service Pack 2 2600","172.18.10.175","",1038,,"",2,2,"","\Device\NetbiosSmb","Q055973",
39179,"Windows Server 2003 3790 Service Pack 1","172.18.128.4","",0,,"",6,2,"","\Device\NetbiosSmb","EB78377",
27988,"Windows 2000 2195","B8DF","",6618,,"",1,2,"","\Device\NetBT_Tcpip_{EC8A3CA5-F812-4C0A-9C61-91EB4B6A22C9}","JJ77164",
41720,"Windows Server 2003 3790 Service Pack 1","172.18.128.3","",0,,"",6,2,"","\Device\NetbiosSmb","AK39752",
40917,"Windows Server 2003 3790 Service Pack 1","172.18.128.20","",0,,"",5,2,"","\Device\NetbiosSmb","PB79921",
32990,"Windows Server 2003 3790 Service Pack 1","VCS022","",1282,,"",4,2,"","\Device\NetBT_Tcpip_{EC8A3CA5-F812-4C0A-9C61-91EB4B6A22C9}","BH78630",
24148,"Windows Server 2003 3790 Service Pack 1","172.18.128.6","",0,,"",14,2,"","\Device\NetbiosSmb","LB39374",
23737,"Windows 2000 2195","172.18.16.150","",138,,"",0,2,"","\Device\NetbiosSmb","Q053921",
13111,"Windows Server 2003 3790 Service Pack 1","S136","",7572,,"",2,2,"","\Device\NetBT_Tcpip_{836A9829-3C42-4B82-AF3B-00A2E4A58DD0}","Q055940",
10529,"Windows Server 2003 3790 Service Pack 1","172.18.128.25","",0,,"",15,2,"","\Device\NetbiosSmb","JE75908",
5934,"Windows 2000 2195","172.18.99.222","",5878,,"",0,2,"","\Device\NetbiosSmb","SH82805",
24275,"Windows 2000 2195","172.18.0.236","",12293,,"",0,2,"","\Device\NetbiosSmb","RJE0427",
23623,"Windows 2000 2195","172.18.0.233","",771,,"",0,2,"","\Device\NetbiosSmb","LF76915",
23503,"Windows Server 2003 3790 Service Pack 1","172.18.128.19","",1036,,"",5,2,"","\Device\NetbiosSmb","LF76915",
23472,"Windows Server 2003 3790 Service Pack 1","172.18.128.17","",2,,"",5,2,"","\Device\NetbiosSmb","LF76915",
21420,"Windows Server 2003 3790 Service Pack 1","172.18.128.16","",0,,"",16,2,"","\Device\NetbiosSmb","RT75297",
21155,"Windows 2000 2195","172.18.0.63","",0,,"",2,2,"","\Device\NetbiosSmb","LK89071",
20866,"Windows Server 2003 3790 Service Pack 1","172.18.128.14","",0,,"",4,2,"","\Device\NetbiosSmb","HP39008",
20746,"Windows Server 2003 3790 Service Pack 1","172.18.128.5","",0,,"",7,2,"","\Device\NetbiosSmb","PM38057",
20565,"Windows Server 2003 3790 Service Pack 1","172.18.128.2","",0,,"",5,2,"","\Device\NetbiosSmb","CD58508",
20461,"Windows 2000 2195","172.18.0.238","",5538,,"",0,2,"","\Device\NetbiosSmb","WS38791",
20375,"Windows Server 2003 3790 Service Pack 1","172.18.128.23","",2336,,"",5,2,"","\Device\NetbiosSmb","AT78270",
20151,"Windows Server 2003 3790 Service Pack 1","172.18.128.17","",0,,"",5,2,"","\Device\NetbiosSmb","JG79789",
20149,"Windows Server 2003 3790 Service Pack 1","172.18.128.14","",678,,"",0,2,"","\Device\NetbiosSmb","JS57228",
20110,"Windows 2002 Service Pack 3 2600","172.18.10.93","",3963,,"",1,2,"","\Device\NetbiosSmb","PM76487",
20080,"Windows 2000 2195","172.18.10.188","",19939,,"",1,2,"","\Device\NetbiosSmb","PM76487",
20061,"Windows Server 2003 3790 Service Pack 1","172.18.128.12","",0,,"",14,2,"","\Device\NetbiosSmb","JH37946",
19996,"Windows 2000 2195","172.18.0.62","",611,,"",1,2,"","\Device\NetbiosSmb","DC75978",
19946,"Windows Server 2003 3790 Service Pack 1","172.18.128.5","",8,,"",13,2,"","\Device\NetbiosSmb","PP59322",
19895,"Windows Server 2003 3790 Service Pack 1","172.18.128.3","",0,,"",16,2,"","\Device\NetbiosSmb","JH39763",
19856,"Windows Server 2003 3790 Service Pack 1","172.18.128.16","",52,,"",13,2,"","\Device\NetbiosSmb","HP39008",
19853,"Windows 2000 2195","172.18.0.52","",5028,,"",0,2,"","\Device\NetbiosSmb","FS58022",
19828,"Windows 2000 2195","172.18.0.234","",16339,,"",0,2,"","\Device\NetbiosSmb","JM77401",
19800,"Windows 2000 2195","172.18.0.226","",4368,,"",0,2,"","\Device\NetbiosSmb","ES57695",
19777,"Windows Server 2003 3790 Service Pack 1","172.18.128.23","",0,,"",8,2,"","\Device\NetbiosSmb","FA75664",
19759,"Windows 2000 2195","172.18.0.59","",72,,"",9,2,"","\Device\NetbiosSmb","PG38150",
19742,"Windows 2000 2195","172.18.0.231","",25,,"",10,2,"","\Device\NetbiosSmb","MW75608",
19733,"Windows Server 2003 3790 Service Pack 1","172.18.128.8","",0,,"",14,2,"","\Device\NetbiosSmb","JH59401",
19704,"Windows Server 2003 3790 Service Pack 1","172.18.128.2","",0,,"",13,2,"","\Device\NetbiosSmb","RH38287",
19627,"Windows Server 2003 3790 Service Pack 1","VCS024","",0,,"",13,2,"","\Device\NetBT_Tcpip_{EC8A3CA5-F812-4C0A-9C61-91EB4B6A22C9}","MS89058",
19572,"Windows 2000 2195","172.18.0.237","",189,,"",14,2,"","\Device\NetbiosSmb","JK75434",
19551,"Windows Server 2003 3790 Service Pack 1","172.18.128.13","",0,,"",7,2,"","\Device\NetbiosSmb","HB58419",
19409,"Windows Server 2003 3790 Service Pack 1","172.18.128.25","",0,,"",14,2,"","\Device\NetbiosSmb","TC39572",
19408,"Windows 2000 2195","172.18.0.225","",269,,"",0,2,"","\Device\NetbiosSmb","BJ82624",
19396,"Windows Server 2003 3790 Service Pack 1","172.18.128.7","",0,,"",5,2,"","\Device\NetbiosSmb","MN78258",
19357,"Windows Server 2003 3790 Service Pack 1","172.18.128.17","",0,,"",8,2,"","\Device\NetbiosSmb","HH36061",
19356,"Windows Server 2003 3790 Service Pack 1","172.18.128.14","",0,,"",14,2,"","\Device\NetbiosSmb","JH56815",
19332,"Windows 2000 2195","172.18.0.238","",78,,"",10,2,"","\Device\NetbiosSmb","AM76858",
19320,"Windows 2000 2195","172.18.0.234","",4818,,"",0,2,"","\Device\NetbiosSmb","PB59394",
19293,"Windows Server 2003 3790 Service Pack 1","172.18.128.16","",0,,"",13,2,"","\Device\NetbiosSmb","JB81689",
19284,"Windows Server 2003 3790 Service Pack 1","172.18.128.4","",3,,"",5,2,"","\Device\NetbiosSmb","PB59394",
19258,"Windows Server 2003 3790 Service Pack 1","172.18.128.9","",0,,"",13,2,"","\Device\NetbiosSmb","JJ76900",
19251,"Windows Server 2003 3790 Service Pack 1","172.18.128.6","",0,,"",14,2,"","\Device\NetbiosSmb","JM38048",
19244,"Windows Server 2003 3790 Service Pack 1","172.18.128.2","",0,,"",5,2,"","\Device\NetbiosSmb","JL38492",
19144,"Windows 2000 2195","172.18.0.233","",67,,"",9,2,"","\Device\NetbiosSmb","JV89067",
19105,"Windows Server 2003 3790 Service Pack 1","172.18.128.24","",0,,"",13,2,"","\Device\NetbiosSmb","NU57636",
19028,"Windows Server 2003 3790 Service Pack 1","VCS021","",0,,"",14,2,"","\Device\NetBT_Tcpip_{EC8A3CA5-F812-4C0A-9C61-91EB4B6A22C9}","NV56589",
19016,"Windows Server 2003 3790 Service Pack 1","172.18.128.13","",0,,"",12,2,"","\Device\NetbiosSmb","FS76764",
19016,"Windows 2000 2195","172.18.0.226","",81,,"",9,2,"","\Device\NetbiosSmb","JM79929",
18968,"Windows Server 2003 3790 Service Pack 1","172.18.128.8","",0,,"",14,2,"","\Device\NetbiosSmb","FH39244",
18953,"Windows 2000 2195","172.18.0.225","",168,,"",9,2,"","\Device\NetbiosSmb","RO75886",
18922,"Windows Server 2003 3790 Service Pack 1","172.18.128.3","",0,,"",8,2,"","\Device\NetbiosSmb","MK39536",
18911,"Windows Server 2003 3790 Service Pack 1","172.18.128.22","",0,,"",16,2,"","\Device\NetbiosSmb","CB37528",
18897,"Windows Server 2003 3790 Service Pack 1","172.18.128.23","",0,,"",13,2,"","\Device\NetbiosSmb","LG77147",
18895,"Windows 2000 2195","172.18.0.51","",148,,"",12,2,"","\Device\NetbiosSmb","FT78308",
18887,"Windows Server 2003 3790 Service Pack 1","172.18.128.7","",0,,"",16,2,"","\Device\NetbiosSmb","MH75026",
18884,"Windows Server 2003 3790 Service Pack 1","172.18.128.5","",0,,"",13,2,"","\Device\NetbiosSmb","MS38102",
18882,"Windows Server 2003 3790 Service Pack 1","172.18.128.12","",0,,"",14,2,"","\Device\NetbiosSmb","VM77073",
18872,"Windows Server 2003 3790 Service Pack 1","172.18.128.25","",0,,"",5,2,"","\Device\NetbiosSmb","RW76130",
18850,"Windows 2000 2195","172.18.0.63","",89,,"",0,2,"","\Device\NetbiosSmb","DF79613",
18770,"Windows 2000 2195","172.18.0.59","",80,,"",11,2,"","\Device\NetbiosSmb","JB56598",
18749,"Windows 2000 2195","172.18.0.237","",0,,"",9,2,"","\Device\NetbiosSmb","GE75984",
18710,"Windows Server 2003 3790 Service Pack 1","172.18.128.19","",0,,"",5,2,"","\Device\NetbiosSmb","ES79392",
18704,"Windows 2000 2195","172.18.0.227","",270,,"",0,2,"","\Device\NetbiosSmb","JG77967",
18687,"Windows Server 2003 3790 Service Pack 1","172.18.128.17","",0,,"",7,2,"","\Device\NetbiosSmb","NK79879",
18687,"Windows Server 2003 3790 Service Pack 1","172.18.128.4","",73,,"",20,2,"","\Device\NetbiosSmb","FM77373",
18683,"Windows Server 2003 3790 Service Pack 1","172.18.128.2","",0,,"",17,2,"","\Device\NetbiosSmb","LV33475",
18667,"Windows 2002 Service Pack 3 2600","172.18.11.10","",126,,"",0,2,"","\Device\NetbiosSmb","JG79811",
18667,"Windows Server 2003 3790 Service Pack 1","172.18.128.20","",0,,"",6,2,"","\Device\NetbiosSmb","FM77373",
18639,"Windows 2000 2195","172.18.0.62","",1735,,"",1,2,"","\Device\NetbiosSmb","FR78894",
18638,"Windows Server 2003 3790 Service Pack 1","172.18.128.14","",0,,"",16,2,"","\Device\NetbiosSmb","Q055917",
18619,"Windows 2000 2195","172.18.0.236","",233,,"",9,2,"","\Device\NetbiosSmb","PS76389",
18619,"Windows Server 2003 3790 Service Pack 1","172.18.128.6","",0,,"",5,2,"","\Device\NetbiosSmb","GM77357",
18599,"Windows Server 2003 3790 Service Pack 1","172.18.128.3","",0,,"",7,2,"","\Device\NetbiosSmb","TH75875",
18589,"Windows 2000 2195","172.18.2.111","",237,,"",0,2,"","\Device\NetbiosSmb","MV81198",
18577,"Windows Server 2003 3790 Service Pack 1","172.18.128.8","",0,,"",13,2,"","\Device\NetbiosSmb","JK79285",
18535,"Windows Server 2003 3790 Service Pack 1","172.18.128.7","",0,,"",7,2,"","\Device\NetbiosSmb","GK57600",
18524,"Windows 2000 2195","172.18.0.51","",328,,"",0,2,"","\Device\NetbiosSmb","PP82804",
18508,"Windows 2000 2195","172.18.0.59","",0,,"",2,2,"","\Device\NetbiosSmb","ZF58008",
18482,"Windows 2000 2195","172.18.0.51","",925,,"",1,2,"","\Device\NetbiosSmb","PM76487",
18469,"Windows 2000 2195","172.18.0.231","",102,,"",12,2,"","\Device\NetbiosSmb","PM76487",
18455,"Windows Server 2003 3790 Service Pack 1","172.18.128.22","",328,,"",5,2,"","\Device\NetbiosSmb","JB56598",
18428,"Windows Server 2003 3790 Service Pack 1","172.18.128.5","",3,,"",5,2,"","\Device\NetbiosSmb","PM76487",
18413,"Windows Server 2003 3790 Service Pack 1","172.18.128.23","",0,,"",6,2,"","\Device\NetbiosSmb","MO59081",
18411,"Windows Server 2003 3790 Service Pack 1","172.18.128.12","",0,,"",13,2,"","\Device\NetbiosSmb","MD57432",
18390,"Windows 2000 2195","172.18.0.232","",254,,"",9,2,"","\Device\NetbiosSmb","EBE0635",
18383,"Windows Server 2003 3790 Service Pack 1","172.18.128.21","",0,,"",15,2,"","\Device\NetbiosSmb","AP58476",
18355,"Windows Server 2003 3790 Service Pack 1","172.18.128.25","",0,,"",14,2,"","\Device\NetbiosSmb","VS39265",
18334,"Windows Server 2003 3790 Service Pack 1","172.18.128.16","",0,,"",14,2,"","\Device\NetbiosSmb","RL78264",
18291,"Windows Server 2003 3790 Service Pack 1","172.18.128.4","",0,,"",15,2,"","\Device\NetbiosSmb","RS76722",
18284,"Windows 2000 2195","172.18.0.225","",18255,,"",0,2,"","\Device\NetbiosSmb","JH56815",
18261,"Windows 2000 2195","172.18.2.111","",949,,"",0,2,"","\Device\NetbiosSmb","SN82828",
18255,"Windows 2000 2195","172.18.0.62","",1009,,"",0,2,"","\Device\NetbiosSmb","GK57600",
18254,"Windows Server 2003 3790 Service Pack 1","172.18.128.5","",0,,"",19,2,"","\Device\NetbiosSmb","AS77966",
18244,"Windows Server 2003 3790 Service Pack 1","172.18.128.3","",0,,"",7,2,"","\Device\NetbiosSmb","AS79186",
18242,"Windows Server 2003 3790 Service Pack 1","172.18.128.17","",0,,"",7,2,"","\Device\NetbiosSmb","TB38808",
18233,"Windows Server 2003 3790 Service Pack 1","172.18.128.6","",0,,"",5,2,"","\Device\NetbiosSmb","JS77490",
18231,"Windows Server 2003 3790 Service Pack 1","172.18.128.13","",0,,"",7,2,"","\Device\NetbiosSmb","TK76701",
18211,"Windows Server 2003 3790 Service Pack 1","172.18.128.20","",0,,"",8,2,"","\Device\NetbiosSmb","JW56708",
18192,"Windows 2000 2195","172.18.0.238","",1585,,"",0,2,"","\Device\NetbiosSmb","EM58634",
18160,"Windows Server 2003 3790 Service Pack 1","172.18.128.24","",0,,"",15,2,"","\Device\NetbiosSmb","RR37130",
18155,"Windows Server 2003 3790 Service Pack 1","172.18.128.2","",0,,"",7,2,"","\Device\NetbiosSmb","FG39004",
18148,"Windows Server 2003 3790 Service Pack 1","172.18.128.12","",0,,"",7,2,"","\Device\NetbiosSmb","PP78944",
18145,"Windows Server 2003 3790 Service Pack 1","172.18.128.8","",2,,"",5,2,"","\Device\NetbiosSmb","JG77967",
18144,"Windows Server 2003 3790 Service Pack 1","172.18.128.22","",0,,"",5,2,"","\Device\NetbiosSmb","JW75591",
18133,"Windows Server 2003 3790 Service Pack 1","172.18.128.22","",0,,"",6,2,"","\Device\NetbiosSmb","JG79811",
18124,"Windows 2000 2195","172.18.0.230","",1060,,"",0,2,"","\Device\NetbiosSmb","SN82828",
18123,"Windows 2000 2195","172.18.0.228","",18063,,"",0,2,"","\Device\NetbiosSmb","JG77967",
18120,"Windows Server 2003 3790 Service Pack 1","172.18.128.14","",4638,,"",0,2,"","\Device\NetbiosSmb","JV79136",
18120,"Windows Server 2003 3790 Service Pack 1","172.18.128.7","",0,,"",5,2,"","\Device\NetbiosSmb","WB58136",
18082,"Windows Server 2003 3790 Service Pack 1","172.18.128.23","",0,,"",6,2,"","\Device\NetbiosSmb","LH82748",
18080,"Windows Server 2003 3790 Service Pack 1","172.18.128.9","",0,,"",6,2,"","\Device\NetbiosSmb","MO38388",
18044,"Windows Server 2003 3790 Service Pack 1","172.18.128.21","",1218,,"",6,2,"","\Device\NetbiosSmb","BGC361",
18029,"Windows Server 2003 3790 Service Pack 1","172.18.128.19","",0,,"",4,2,"","\Device\NetbiosSmb","RM75974",
18013,"Windows Server 2003 3790 Service Pack 1","172.18.128.16","",0,,"",8,2,"","\Device\NetbiosSmb","HV39998",
18001,"Windows Server 2003 3790 Service Pack 1","172.18.128.21","",0,,"",8,2,"","\Device\NetbiosSmb","HW75165",
18000,"Windows 2000 2195","172.18.0.232","",1902,,"",0,2,"","\Device\NetbiosSmb","PL77306",
17972,"Windows Server 2003 3790 Service Pack 1","172.18.128.25","",0,,"",6,2,"","\Device\NetbiosSmb","SP38843",
17964,"Windows Server 2003 3790 Service Pack 1","172.18.128.3","",0,,"",9,2,"","\Device\NetbiosSmb","JC57599",
17958,"Windows Server 2003 3790 Service Pack 1","172.18.128.12","",0,,"",7,2,"","\Device\NetbiosSmb","RK39388",
17955,"Windows Server 2003 3790 Service Pack 1","172.18.128.2","",2298,,"",5,2,"","\Device\NetbiosSmb","MW75608",
17924,"Windows Server 2003 3790 Service Pack 1","172.18.128.16","",0,,"",14,2,"","\Device\NetbiosSmb","EB78197",
17920,"Windows Server 2003 3790 Service Pack 1","172.18.128.4","",0,,"",16,2,"","\Device\NetbiosSmb","Q055964",
17918,"Windows 2000 2195","172.18.0.237","",187,,"",8,2,"","\Device\NetbiosSmb","HH37766",
17902,"Windows Server 2003 3790 Service Pack 1","172.18.128.17","",0,,"",8,2,"","\Device\NetbiosSmb","AH78300",
17899,"Windows Server 2003 3790 Service Pack 1","172.18.128.13","",0,,"",5,2,"","\Device\NetbiosSmb","JE38044",
17894,"Windows 2000 2195","172.18.0.226","",125,,"",9,2,"","\Device\NetbiosSmb","LB39552",
17886,"Windows Server 2003 3790 Service Pack 1","172.18.128.20","",0,,"",7,2,"","\Device\NetbiosSmb","JW82745",
17863,"Windows Server 2003 3790 Service Pack 1","172.18.128.20","",0,,"",6,2,"","\Device\NetbiosSmb","BH56590",
17861,"Windows Server 2003 3790 Service Pack 1","172.18.128.6","",0,,"",7,2,"","\Device\NetbiosSmb","LV77336",
17855,"Windows 2000 2195","172.18.0.52","",4706,,"",0,2,"","\Device\NetbiosSmb","PH75512",
17852,"Windows Server 2003 3790 Service Pack 1","172.18.128.19","",0,,"",6,2,"","\Device\NetbiosSmb","JB79260",
17849,"Windows Server 2003 3790 Service Pack 1","172.18.128.5","",2,,"",5,2,"","\Device\NetbiosSmb","HH37766",
17825,"Windows 2000 2195","172.18.0.233","",0,,"",9,2,"","\Device\NetbiosSmb","RS76759",
17819,"Windows Server 2003 3790 Service Pack 1","172.18.128.9","",0,,"",5,2,"","\Device\NetbiosSmb","ML82625",
17813,"Windows Server 2003 3790 Service Pack 1","172.18.128.24","",2,,"",5,2,"","\Device\NetbiosSmb","JS76263",
17778,"Windows Server 2003 3790 Service Pack 1","VCS022","",0,,"",14,2,"","\Device\NetBT_Tcpip_{EC8A3CA5-F812-4C0A-9C61-91EB4B6A22C9}","AF38068",
17769,"Windows Server 2003 3790 Service Pack 1","172.18.128.8","",0,,"",7,2,"","\Device\NetbiosSmb","HD39936",
17753,"Windows Server 2003 3790 Service Pack 1","172.18.128.7","",0,,"",8,2,"","\Device\NetbiosSmb","AM78665",
17690,"Windows Server 2003 3790 Service Pack 1","172.18.128.23","",0,,"",5,2,"","\Device\NetbiosSmb","JV76959",
17683,"Windows 2000 2195","172.18.0.227","",93,,"",10,2,"","\Device\NetbiosSmb","LN75988",
17673,"Windows 2000 2195","172.18.0.228","",17624,,"",0,2,"","\Device\NetbiosSmb","JG77967",
17625,"Windows Server 2003 3790 Service Pack 1","172.18.128.14","",0,,"",16,2,"","\Device\NetbiosSmb","JS34398",
17604,"Windows 2000 2195","172.18.0.51","",421,,"",0,2,"","\Device\NetbiosSmb","MM78053",
17571,"Windows Server 2003 3790 Service Pack 1","172.18.128.14","",0,,"",12,2,"","\Device\NetbiosSmb","JH77823",
17485,"Windows Server 2003 3790 Service Pack 1","172.18.128.9","",0,,"",7,2,"","\Device\NetbiosSmb","AM75881",
17477,"Windows Server 2003 3790 Service Pack 1","172.18.128.8","",0,,"",15,2,"","\Device\NetbiosSmb","JJ77204",
17418,"Windows 2002 Service Pack 3 2600","B444","",17239,,"",1,2,"","\Device\NetBT_Tcpip_{EC8A3CA5-F812-4C0A-9C61-91EB4B6A22C9}","RS56529",
17378,"Windows Server 2003 3790 Service Pack 1","172.18.128.2","",0,,"",13,2,"","\Device\NetbiosSmb","PO34620",
17235,"Windows 2000 2195","192.168.31.195","",17059,,"",0,2,"","\Device\NetbiosSmb","JR39411",
17203,"Windows Server 2003 3790 Service Pack 1","VCS024","",0,,"",7,2,"","\Device\NetBT_Tcpip_{EC8A3CA5-F812-4C0A-9C61-91EB4B6A22C9}","GG78395",
17154,"Windows 2002 Service Pack 3 2600","B42D","",8140,,"",0,2,"","\Device\NetBT_Tcpip_{EC8A3CA5-F812-4C0A-9C61-91EB4B6A22C9}","FM77373",
17136,"Windows Server 2003 3790 Service Pack 1","VCS023","",0,,"",5,2,"","\Device\NetBT_Tcpip_{EC8A3CA5-F812-4C0A-9C61-91EB4B6A22C9}","AG58139",
17119,"Windows 2000 2195","172.18.0.232","",104,,"",11,2,"","\Device\NetbiosSmb","WK38310",
17082,"Windows 2000 2195","172.18.0.228","",9182,,"",0,2,"","\Device\NetbiosSmb","GJ58488",
17080,"Windows 2000 2195","172.18.0.230","",255,,"",9,2,"","\Device\NetbiosSmb","LP76213",
17068,"Windows Server 2003 3790 Service Pack 1","172.18.128.3","",0,,"",4,2,"","\Device\NetbiosSmb","MM75373",
17042,"Windows Server 2003 3790 Service Pack 1","VCS022","",0,,"",7,2,"","\Device\NetBT_Tcpip_{EC8A3CA5-F812-4C0A-9C61-91EB4B6A22C9}","JL38270",
17041,"Windows 2000 2195","172.18.0.227","",75,,"",0,2,"","\Device\NetbiosSmb","HW75587",
17027,"Windows Server 2003 3790 Service Pack 1","172.18.128.4","",0,,"",5,2,"","\Device\NetbiosSmb","JB79933",
16982,"Windows Server 2003 3790 Service Pack 1","172.18.128.12","",0,,"",16,2,"","\Device\NetbiosSmb","HD76628",
16974,"Windows Server 2003 3790 Service Pack 1","172.18.128.8","",0,,"",5,2,"","\Device\NetbiosSmb","FU75180",
16916,"Windows 2000 2195","172.18.0.231","",141,,"",10,2,"","\Device\NetbiosSmb","MM77285",
16869,"Windows Server 2003 3790 Service Pack 1","172.18.128.19","",0,,"",5,2,"","\Device\NetbiosSmb","ST79208",
16852,"Windows Server 2003 3790 Service Pack 1","172.18.128.6","",0,,"",5,2,"","\Device\NetbiosSmb","JP57277",
16842,"Windows Server 2003 3790 Service Pack 1","172.18.128.17","",0,,"",17,2,"","\Device\NetbiosSmb","RR59387",
16806,"Windows Server 2003 3790 Service Pack 1","172.18.128.21","",0,,"",6,2,"","\Device\NetbiosSmb","WB75808",
16801,"Windows 2000 2195","172.18.0.225","",7676,,"",0,2,"","\Device\NetbiosSmb","MS82651",
16774,"Windows Server 2003 3790 Service Pack 1","172.18.128.5","",0,,"",17,2,"","\Device\NetbiosSmb","JL76916",
16720,"Windows 2000 2195","172.18.0.62","",0,,"",9,2,"","\Device\NetbiosSmb","MM75373",
16684,"Windows Server 2003 3790 Service Pack 1","172.18.128.7","",0,,"",16,2,"","\Device\NetbiosSmb","RP58604",
16627,"Windows 2000 2195","172.18.0.52","",23,,"",0,2,"","\Device\NetbiosSmb","MAE0046",
16563,"Windows 2000 2195","172.18.0.59","",61,,"",9,2,"","\Device\NetbiosSmb","JC35655",
16527,"Windows 2000 2195","172.18.2.111","",0,,"",19,2,"","\Device\NetbiosSmb","RE90310",
16496,"Windows Server 2003 3790 Service Pack 1","172.18.128.13","",0,,"",5,2,"","\Device\NetbiosSmb","IS82841",
16496,"Windows 2000 2195","172.18.0.236","",87,,"",10,2,"","\Device\NetbiosSmb","RC79132",
16491,"Windows Server 2003 3790 Service Pack 1","172.18.128.9","",0,,"",16,2,"","\Device\NetbiosSmb","TA76404",
16487,"Windows 2000 2195","172.18.0.234","",5008,,"",1,2,"","\Device\NetbiosSmb","GM38037",
16484,"Windows Server 2003 3790 Service Pack 1","172.18.128.2","",0,,"",4,2,"","\Device\NetbiosSmb","GM38037",
16419,"Windows Server 2003 3790 Service Pack 1","172.18.128.25","",0,,"",8,2,"","\Device\NetbiosSmb","HH59847",
16412,"Windows Server 2003 3790 Service Pack 1","172.18.128.24","",0,,"",7,2,"","\Device\NetbiosSmb","JB59003",
16371,"Windows 2000 2195","172.18.11.31","",487,,"",1,2,"","\Device\NetbiosSmb","JH39763",
16356,"Windows 2000 2195","172.18.0.238","",294,,"",10,2,"","\Device\NetbiosSmb","SW79023",
16354,"Windows Server 2003 3790 Service Pack 1","172.18.128.23","",0,,"",13,2,"","\Device\NetbiosSmb","RF79832",
16347,"Windows 2000 2195","172.18.0.232","",0,,"",12,2,"","\Device\NetbiosSmb","WK73265",
16321,"Windows Server 2003 3790 Service Pack 1","172.18.128.19","",0,,"",13,2,"","\Device\NetbiosSmb","JE79659",
16299,"Windows Server 2003 3790 Service Pack 1","172.18.128.8","",0,,"",16,2,"","\Device\NetbiosSmb","MBE1878",
16281,"Windows Server 2003 3790 Service Pack 1","172.18.128.12","",0,,"",13,2,"","\Device\NetbiosSmb","SP81370",
16281,"Windows Server 2003 3790 Service Pack 1","172.18.128.6","",0,,"",12,2,"","\Device\NetbiosSmb","PD77089",
16237,"Windows Server 2003 3790 Service Pack 1","172.18.128.21","",0,,"",19,2,"","\Device\NetbiosSmb","EW77628",
16205,"Windows Server 2003 3790 Service Pack 1","172.18.128.16","",0,,"",7,2,"","\Device\NetbiosSmb","HP79329",
16185,"Windows 2000 2195","172.18.0.230","",237,,"",11,2,"","\Device\NetbiosSmb","RH59994",
15948,"Windows Server 2003 3790 Service Pack 1","172.18.128.13","",0,,"",14,2,"","\Device\NetbiosSmb","JF75611",
15898,"Windows 2000 2195","172.18.0.59","",7878,,"",0,2,"","\Device\NetbiosSmb","RB78341",
15893,"Windows Server 2003 3790 Service Pack 1","172.18.128.5","",0,,"",17,2,"","\Device\NetbiosSmb","CP38537",
15860,"Windows Server 2003 3790 Service Pack 1","172.18.128.3","",0,,"",17,2,"","\Device\NetbiosSmb","PS80909",
15852,"Windows Server 2003 3790 Service Pack 1","VCS014","",0,,"",5,2,"","\Device\NetBT_Tcpip_{EC8A3CA5-F812-4C0A-9C61-91EB4B6A22C9}","TO39042",
15809,"Windows Server 2003 3790 Service Pack 1","172.18.128.7","",0,,"",13,2,"","\Device\NetbiosSmb","HC77567",
15755,"Windows 2002 Service Pack 3 2600","172.18.95.13","",1117,,"",0,2,"","\Device\NetbiosSmb","JV38655",
15646,"Windows 2000 2195","172.18.0.223","",1809,,"",0,2,"","\Device\NetbiosSmb","JG77967",
15644,"Windows 2000 2195","172.18.0.226","",57,,"",8,2,"","\Device\NetbiosSmb","AP78703",
15568,"Windows Server 2003 3790 Service Pack 1","172.18.128.13","",0,,"",16,2,"","\Device\NetbiosSmb","AO38293",
15560,"Windows Server 2003 3790 Service Pack 1","VCS017","",0,,"",16,2,"","\Device\NetBT_Tcpip_{EC8A3CA5-F812-4C0A-9C61-91EB4B6A22C9}","JM77511",
15546,"Windows Server 2003 3790 Service Pack 1","172.18.128.12","",0,,"",16,2,"","\Device\NetbiosSmb","JJ76913",
15537,"Windows Server 2003 3790 Service Pack 1","172.18.128.2","",0,,"",15,2,"","\Device\NetbiosSmb","ES34165",
15529,"Windows Server 2003 3790 Service Pack 1","172.18.128.20","",0,,"",13,2,"","\Device\NetbiosSmb","JPE1885",
15503,"Windows Server 2003 3790 Service Pack 1","VCS023","",0,,"",12,2,"","\Device\NetBT_Tcpip_{EC8A3CA5-F812-4C0A-9C61-91EB4B6A22C9}","JQE1830",
15358,"Windows 2000 2195","172.18.0.228","",15320,,"",0,2,"","\Device\NetbiosSmb","ES34165",
15240,"Windows 2000 2195","CS097","",133,,"",9,2,"","\Device\NetBT_Tcpip_{EC8A3CA5-F812-4C0A-9C61-91EB4B6A22C9}","RF77685",
15194,"Windows 2000 2195","172.18.14.29","",13639,,"",0,2,"","\Device\NetbiosSmb","HM38980",
15181,"Windows Server 2003 3790 Service Pack 1","172.18.128.19","",0,,"",4,2,"","\Device\NetbiosSmb","GS79070",
15138,"Windows Server 2003 3790 Service Pack 1","172.18.128.21","",0,,"",15,2,"","\Device\NetbiosSmb","HR77655",
15126,"Windows 2002 Service Pack 3 2600","BFDB","",0,,"",3,2,"","\Device\NetBT_Tcpip_{EC8A3CA5-F812-4C0A-9C61-91EB4B6A22C9}","NB72578",
15123,"Windows Server 2003 3790 Service Pack 1","172.18.128.4","",0,,"",17,2,"","\Device\NetbiosSmb","WA37787",
15069,"Windows 2000 2195","172.18.0.63","",304,,"",12,2,"","\Device\NetbiosSmb","MH35687",
15058,"Windows Server 2003 3790 Service Pack 1","172.18.128.16","",0,,"",15,2,"","\Device\NetbiosSmb","JT38070",
15040,"Windows Server 2003 3790 Service Pack 1","172.18.128.13","",0,,"",14,2,"","\Device\NetbiosSmb","MH80552",
15027,"Windows Server 2003 3790 Service Pack 1","172.18.128.9","",5,,"",19,2,"","\Device\NetbiosSmb","HM38980",
15027,"Windows 2000 2195","172.18.0.52","",63,,"",9,2,"","\Device\NetbiosSmb","JS72955",
14986,"Windows 2000 2195","172.18.0.62","",178,,"",0,2,"","\Device\NetbiosSmb","JEE1638",
14983,"Windows 2000 2195","172.18.0.233","",0,,"",17,2,"","\Device\NetbiosSmb","GJ83586",
14953,"Windows 2000 2195","172.18.0.237","",14,,"",9,2,"","\Device\NetbiosSmb","SH57709",
14927,"Windows Server 2003 3790 Service Pack 1","172.18.128.17","",0,,"",12,2,"","\Device\NetbiosSmb","MC59139",
14926,"Windows 2002 Service Pack 3 2600","B445","",2658,,"",0,2,"","\Device\NetBT_Tcpip_{EC8A3CA5-F812-4C0A-9C61-91EB4B6A22C9}","JS77490",
14916,"Windows 2000 2195","172.18.0.236","",0,,"",13,2,"","\Device\NetbiosSmb","EP30546",
14883,"Windows Server 2003 3790 Service Pack 1","172.18.128.6","",0,,"",7,2,"","\Device\NetbiosSmb","RL80541",
14838,"Windows Server 2003 3790 Service Pack 1","172.18.128.7","",0,,"",16,2,"","\Device\NetbiosSmb","MJ77801",
14763,"Windows Server 2003 3790 Service Pack 1","172.18.128.3","",0,,"",20,2,"","\Device\NetbiosSmb","MD75737",
14751,"Windows Server 2003 3790 Service Pack 1","172.18.128.19","",0,,"",15,2,"","\Device\NetbiosSmb","FP76663",
14741,"Windows Server 2003 3790 Service Pack 1","172.18.128.8","",0,,"",14,2,"","\Device\NetbiosSmb","MJ81009",
14691,"Windows 2000 2195","172.18.0.235","",138,,"",10,2,"","\Device\NetbiosSmb","YS90330",
14690,"Windows Server 2003 3790 Service Pack 1","172.18.128.21","",0,,"",18,2,"","\Device\NetbiosSmb","RH76562",
14669,"Windows Server 2003 3790 Service Pack 1","VCS025","",54,,"",13,2,"","\Device\NetBT_Tcpip_{EC8A3CA5-F812-4C0A-9C61-91EB4B6A22C9}","RH82761",
14613,"Windows 2000 2195","172.18.0.223","",153,,"",9,2,"","\Device\NetbiosSmb","PW38527",
14607,"Windows Server 2003 3790 Service Pack 1","172.18.128.16","",0,,"",17,2,"","\Device\NetbiosSmb","JM78124",
14524,"Windows Server 2003 3790 Service Pack 1","172.18.128.24","",0,,"",16,2,"","\Device\NetbiosSmb","RK38046",
14513,"Windows 2000 2195","172.18.0.235","",81,,"",11,2,"","\Device\NetbiosSmb","TT90314",
14437,"Windows Server 2003 3790 Service Pack 1","172.18.128.13","",0,,"",15,2,"","\Device\NetbiosSmb","TK76958",
14435,"Windows 2000 2195","172.18.0.232","",293,,"",0,2,"","\Device\NetbiosSmb","LF76915",
14413,"Windows Server 2003 3790 Service Pack 1","172.18.128.6","",0,,"",4,2,"","\Device\NetbiosSmb","NM77250",
14381,"Windows Server 2003 3790 Service Pack 1","172.18.128.19","",0,,"",13,2,"","\Device\NetbiosSmb","IS58078",
14379,"Windows 2000 2195","172.18.0.232","",5971,,"",0,2,"","\Device\NetbiosSmb","PL77306",
14329,"Windows Server 2003 3790 Service Pack 1","172.18.128.5","",0,,"",4,2,"","\Device\NetbiosSmb","LS58674",
14260,"Windows 2000 2195","172.18.0.228","",113,,"",12,2,"","\Device\NetbiosSmb","MT77053",
14254,"Windows Server 2003 3790 Service Pack 1","172.18.128.25","",0,,"",13,2,"","\Device\NetbiosSmb","Q053818",
14252,"Windows 2000 2195","172.18.0.231","",168,,"",11,2,"","\Device\NetbiosSmb","BG35664",
14220,"Windows 2000 2195","172.18.0.225","",3519,,"",0,2,"","\Device\NetbiosSmb","HD76628",
14204,"Windows 2000 2195","172.18.2.111","",167,,"",10,2,"","\Device\NetbiosSmb","PG33911",
14171,"Windows 2000 2195","172.18.0.236","",607,,"",5,2,"","\Device\NetbiosSmb","IS58078",
14149,"Windows 2000 2195","172.18.0.62","",92,,"",9,2,"","\Device\NetbiosSmb","WK79245",
14140,"Windows 2000 2195","172.18.0.233","",138,,"",1,2,"","\Device\NetbiosSmb","PN38435",
14128,"Windows Server 2003 3790 Service Pack 1","172.18.128.20","",0,,"",13,2,"","\Device\NetbiosSmb","HA79781",
14092,"Windows 2000 2195","172.18.0.238","",518,,"",0,2,"","\Device\NetbiosSmb","SG59407",
14040,"Windows 2000 2195","172.18.0.59","",9452,,"",0,2,"","\Device\NetbiosSmb","HWE1488",
14039,"Windows 2000 2195","172.18.0.235","",92,,"",9,2,"","\Device\NetbiosSmb","TM90329",
14024,"Windows 2000 2195","172.18.0.52","",757,,"",0,2,"","\Device\NetbiosSmb","AHE1567",
13986,"Windows Server 2003 3790 Service Pack 1","172.18.128.2","",0,,"",18,2,"","\Device\NetbiosSmb","MG81092",
13982,"Windows Server 2003 3790 Service Pack 1","172.18.128.7","",0,,"",5,2,"","\Device\NetbiosSmb","WK73265",
13972,"Windows Server 2003 3790 Service Pack 1","172.18.128.16","",0,,"",14,2,"","\Device\NetbiosSmb","AME1930",
13971,"Windows Server 2003 3790 Service Pack 1","172.18.128.22","",0,,"",15,2,"","\Device\NetbiosSmb","SM76691",
13910,"Windows Server 2003 3790 Service Pack 1","172.18.128.21","",0,,"",16,2,"","\Device\NetbiosSmb","RV56540",
13905,"Windows Server 2003 3790 Service Pack 1","172.18.128.9","",0,,"",14,2,"","\Device\NetbiosSmb","NH35632",
13866,"Windows 2000 2195","172.18.0.235","",0,,"",10,2,"","\Device\NetbiosSmb","AU80592",
13820,"Windows Server 2003 3790 Service Pack 1","VCS023","",0,,"",14,2,"","\Device\NetBT_Tcpip_{EC8A3CA5-F812-4C0A-9C61-91EB4B6A22C9}","AK38042",
13812,"Windows Server 2003 3790 Service Pack 1","172.18.128.25","",0,,"",15,2,"","\Device\NetbiosSmb","SPE1805",
13809,"Windows Server 2003 3790 Service Pack 1","172.18.128.5","",0,,"",14,2,"","\Device\NetbiosSmb","CS56826",
13794,"Windows 2000 2195","172.18.2.111","",74,,"",9,2,"","\Device\NetbiosSmb","TN78028",
13788,"Windows 2000 2195","172.18.0.227","",0,,"",14,2,"","\Device\NetbiosSmb","AM29418",
13750,"Windows Server 2003 3790 Service Pack 1","172.18.128.12","",0,,"",16,2,"","\Device\NetbiosSmb","MH37074",
13743,"Windows 2000 2195","172.18.0.232","",7698,,"",0,2,"","\Device\NetbiosSmb","MD37120",
13673,"Windows 2002 Service Pack 3 2600","B2EA","",12379,,"",0,2,"","\Device\NetBT_Tcpip_{EC8A3CA5-F812-4C0A-9C61-91EB4B6A22C9}","AB72589",
13669,"Windows Server 2003 3790 Service Pack 1","172.18.128.13","",0,,"",14,2,"","\Device\NetbiosSmb","JV76932",
13661,"Windows 2000 2195","172.18.0.226","",0,,"",12,2,"","\Device\NetbiosSmb","AF57310",
13657,"Windows 2000 2195","172.18.0.235","",93,,"",9,2,"","\Device\NetbiosSmb","YO90030",
13653,"Windows 2000 2195","172.18.0.63","",110,,"",13,2,"","\Device\NetbiosSmb","MM77152",
13641,"Windows Server 2003 3790 Service Pack 1","172.18.128.3","",0,,"",7,2,"","\Device\NetbiosSmb","MH76923",
13620,"Windows Server 2003 3790 Service Pack 1","172.18.128.16","",0,,"",5,2,"","\Device\NetbiosSmb","EM77503",
13612,"Windows 2000 2195","172.18.0.236","",182,,"",0,2,"","\Device\NetbiosSmb","MD75737",
13554,"Windows Server 2003 3790 Service Pack 1","172.18.128.9","",0,,"",12,2,"","\Device\NetbiosSmb","Q055712",
13431,"Windows Server 2003 3790 Service Pack 1","172.18.128.23","",0,,"",14,2,"","\Device\NetbiosSmb","WV73643",
13427,"Windows 2000 2195","172.18.0.231","",21,,"",11,2,"","\Device\NetbiosSmb","RJ34434",
13425,"Windows 2002 Service Pack 3 2600","10.178.20.145","",5977,,"",0,2,"","\Device\NetbiosSmb","RK59414",
13417,"Windows Server 2003 3790 Service Pack 1","172.18.128.4","",0,,"",15,2,"","\Device\NetbiosSmb","JT58436",
13397,"Windows Server 2003 3790 Service Pack 1","172.18.128.21","",0,,"",6,2,"","\Device\NetbiosSmb","SO36207",
13208,"Windows Server 2003 3790 Service Pack 1","172.18.128.25","",0,,"",13,2,"","\Device\NetbiosSmb","AD72246",
13175,"Windows 2000 2195","172.18.10.98","",4794,,"",0,2,"","\Device\NetbiosSmb","WS38791",
13164,"Windows Server 2003 3790 Service Pack 1","172.18.128.22","",0,,"",18,2,"","\Device\NetbiosSmb","AR18190",
13144,"Windows 2000 2195","172.18.0.223","",12919,,"",0,2,"","\Device\NetbiosSmb","CB77160",
13123,"Windows Server 2003 3790 Service Pack 1","172.18.128.17","",0,,"",15,2,"","\Device\NetbiosSmb","JB78958",
13113,"Windows 2000 2195","172.18.10.141","",0,,"",1,2,"","\Device\NetbiosSmb","Q053838",
13111,"Windows 2000 2195","172.18.0.62","",20,,"",15,2,"","\Device\NetbiosSmb","TK38177",
13067,"Windows 2000 2195","172.18.0.237","",284,,"",9,2,"","\Device\NetbiosSmb","LS90014",
13045,"Windows Server 2003 3790 Service Pack 1","172.18.128.7","",0,,"",15,2,"","\Device\NetbiosSmb","HB38316",
12989,"Windows Server 2003 3790 Service Pack 1","172.18.128.20","",0,,"",15,2,"","\Device\NetbiosSmb","GS90321",
12957,"Windows Server 2003 3790 Service Pack 1","172.18.128.12","",0,,"",5,2,"","\Device\NetbiosSmb","WH38981",
12932,"Windows 2002 Service Pack 3 2600","B2A9","",8530,,"",2,2,"","\Device\NetBT_Tcpip_{EC8A3CA5-F812-4C0A-9C61-91EB4B6A22C9}","MD75737",
12903,"Windows 2002 Service Pack 3 2600","B4E4","",270,,"",1,2,"","\Device\NetBT_Tcpip_{EC8A3CA5-F812-4C0A-9C61-91EB4B6A22C9}","FH56993",
12896,"Windows 2002 Service Pack 3 2600","BFB7","",5358,,"",0,2,"","\Device\NetBT_Tcpip_{EC8A3CA5-F812-4C0A-9C61-91EB4B6A22C9}","KT38813",
12889,"Windows Server 2003 3790 Service Pack 1","172.18.128.2","",0,,"",18,2,"","\Device\NetbiosSmb","PH72377",
12828,"Windows Server 2003 3790 Service Pack 1","172.18.128.19","",0,,"",14,2,"","\Device\NetbiosSmb","HM55236",
12804,"Windows Server 2003 3790 Service Pack 1","172.18.128.3","",0,,"",16,2,"","\Device\NetbiosSmb","PH21601",
12800,"Windows Server 2003 3790 Service Pack 1","172.18.128.6","",29,,"",18,2,"","\Device\NetbiosSmb","ASE1902",
12797,"Windows Server 2003 3790 Service Pack 1","172.18.128.23","",0,,"",15,2,"","\Device\NetbiosSmb","JK77210",
12785,"Windows Server 2003 3790 Service Pack 1","172.18.128.16","",0,,"",17,2,"","\Device\NetbiosSmb","AH76388",
12773,"Windows Server 2003 3790 Service Pack 1","172.18.128.4","",0,,"",5,2,"","\Device\NetbiosSmb","MB81389",
12763,"Windows Server 2003 3790 Service Pack 1","172.18.128.25","",0,,"",15,2,"","\Device\NetbiosSmb","WB73525",
12746,"Windows Server 2003 3790 Service Pack 1","172.18.128.5","",0,,"",7,2,"","\Device\NetbiosSmb","GS77163",
12691,"Windows Server 2003 3790 Service Pack 1","172.18.128.8","",0,,"",13,2,"","\Device\NetbiosSmb","GDE1772",
12674,"Windows Server 2003 3790 Service Pack 1","VCS022","",0,,"",21,2,"","\Device\NetBT_Tcpip_{EC8A3CA5-F812-4C0A-9C61-91EB4B6A22C9}","AM77046",
12644,"Windows Server 2003 3790 Service Pack 1","172.18.128.8","",0,,"",18,2,"","\Device\NetbiosSmb","MD35728",
12619,"Windows 2000 2195","172.18.0.52","",126,,"",12,2,"","\Device\NetbiosSmb","MR75990",
12614,"Windows 2000 2195","172.18.0.238","",12016,,"",0,2,"","\Device\NetbiosSmb","MDE1926",
12586,"Windows 2000 2195","172.18.0.238","",15,,"",10,2,"","\Device\NetbiosSmb","JK77569",
12576,"Windows Server 2003 3790 Service Pack 1","172.18.128.17","",0,,"",14,2,"","\Device\NetbiosSmb","JV35850",
12480,"Windows 2000 2195","172.18.0.63","",1309,,"",0,2,"","\Device\NetbiosSmb","AC82643",
12464,"Windows Server 2003 3790 Service Pack 1","172.18.128.9","",0,,"",14,2,"","\Device\NetbiosSmb","PE77516",
12397,"Windows 2000 2195","172.18.0.230","",217,,"",11,2,"","\Device\NetbiosSmb","CKE1922",
12379,"Windows 2000 2195","172.18.0.226","",277,,"",10,2,"","\Device\NetbiosSmb","BP77697",
12359,"Windows Server 2003 3790 Service Pack 1","172.18.128.20","",0,,"",16,2,"","\Device\NetbiosSmb","EP77461",
12323,"Windows Server 2003 3790 Service Pack 1","172.18.128.7","",0,,"",5,2,"","\Device\NetbiosSmb","CL76468",
12309,"Windows Server 2003 3790 Service Pack 1","172.18.128.22","",0,,"",18,2,"","\Device\NetbiosSmb","AS79415",
12273,"Windows 2000 2195","172.18.0.237","",1099,,"",0,2,"","\Device\NetbiosSmb","CD58508",
12260,"Windows 2000 2195","172.18.2.111","",0,,"",10,2,"","\Device\NetbiosSmb","RS76644",
12189,"Windows Server 2003 3790 Service Pack 1","172.18.128.8","",0,,"",8,2,"","\Device\NetbiosSmb","Q053923",
12169,"Windows 2000 2195","172.18.0.227","",77,,"",9,2,"","\Device\NetbiosSmb","RK79749",
12165,"Windows Server 2003 3790 Service Pack 1","172.18.128.2","",0,,"",8,2,"","\Device\NetbiosSmb","Q053919",
12165,"Windows Server 2003 3790 Service Pack 1","172.18.128.24","",0,,"",16,2,"","\Device\NetbiosSmb","LS77624",
12085,"Windows Server 2003 3790 Service Pack 1","172.18.128.4","",0,,"",14,2,"","\Device\NetbiosSmb","HH72467",
12078,"Windows 2000 2195","172.18.0.63","",111,,"",9,2,"","\Device\NetbiosSmb","MM77016",
12071,"Windows Server 2003 3790 Service Pack 1","172.18.128.19","",0,,"",18,2,"","\Device\NetbiosSmb","WB75586",
12069,"Windows Server 2003 3790 Service Pack 1","172.18.128.25","",0,,"",14,2,"","\Device\NetbiosSmb","MSE1792",
12066,"Windows 2000 2195","172.18.0.225","",128,,"",11,2,"","\Device\NetbiosSmb","FC78716",
12055,"Windows Server 2003 3790 Service Pack 1","172.18.128.6","",0,,"",15,2,"","\Device\NetbiosSmb","JH76588",
12053,"Windows 2000 2195","172.18.0.51","",127,,"",11,2,"","\Device\NetbiosSmb","RW76651",
12051,"Windows Server 2003 3790 Service Pack 1","172.18.128.9","",0,,"",21,2,"","\Device\NetbiosSmb","WP77442",
12034,"Windows 2002 Service Pack 3 2600","B8AB","",212,,"",1,2,"","\Device\NetBT_Tcpip_{EC8A3CA5-F812-4C0A-9C61-91EB4B6A22C9}","Q054470",
12033,"Windows 2000 2195","172.18.0.59","",127,,"",10,2,"","\Device\NetbiosSmb","LH57777",
11951,"Windows 2000 2195","172.18.0.235","",169,,"",8,2,"","\Device\NetbiosSmb","HO90328",
11937,"Windows Server 2003 3790 Service Pack 1","172.18.128.16","",0,,"",13,2,"","\Device\NetbiosSmb","DD39254",
11935,"Windows 2000 2195","172.18.0.226","",81,,"",12,2,"","\Device\NetbiosSmb","MD56889",
11931,"Windows Server 2003 3790 Service Pack 1","172.18.128.23","",5,,"",16,2,"","\Device\NetbiosSmb","LH78934",
11920,"Windows 2002 Service Pack 3 2600","B996","",2038,,"",0,2,"","\Device\NetBT_Tcpip_{EC8A3CA5-F812-4C0A-9C61-91EB4B6A22C9}","EB78840",
11897,"Windows Server 2003 3790 Service Pack 1","172.18.128.12","",0,,"",4,2,"","\Device\NetbiosSmb","Q054470",
11895,"Windows Server 2003 3790 Service Pack 1","172.18.128.7","",0,,"",14,2,"","\Device\NetbiosSmb","LP59984",
11812,"Windows Server 2003 3790 Service Pack 1","172.18.128.14","",4990,,"",0,2,"","\Device\NetbiosSmb","RH77243",
11798,"Windows 2000 2195","172.18.0.62","",214,,"",9,2,"","\Device\NetbiosSmb","PJ38404",
11787,"Windows Server 2003 3790 Service Pack 1","VCS021","",0,,"",10,2,"","\Device\NetBT_Tcpip_{EC8A3CA5-F812-4C0A-9C61-91EB4B6A22C9}","WD38606",
11782,"Windows 2000 2195","172.18.0.52","",11755,,"",0,2,"","\Device\NetbiosSmb","MR73246",
11718,"Windows Server 2003 3790 Service Pack 1","172.18.128.24","",0,,"",4,2,"","\Device\NetbiosSmb","FF78621",
11645,"Windows Server 2003 3790 Service Pack 1","172.18.128.9","",807,,"",4,2,"","\Device\NetbiosSmb","MS59699",
11608,"Windows Server 2003 3790 Service Pack 1","172.18.128.17","",0,,"",17,2,"","\Device\NetbiosSmb","FD77686",
11604,"Windows 2000 2195","CS097","",11604,,"",0,2,"","\Device\NetBT_Tcpip_{EC8A3CA5-F812-4C0A-9C61-91EB4B6A22C9}","HH37766",
11526,"Windows 2000 2195","172.18.0.236","",35,,"",10,2,"","\Device\NetbiosSmb","PJ75488",
11506,"Windows Server 2003 3790 Service Pack 1","172.18.128.2","",0,,"",17,2,"","\Device\NetbiosSmb","PH80726",
11493,"Windows Server 2003 3790 Service Pack 1","172.18.128.22","",0,,"",15,2,"","\Device\NetbiosSmb","ME59611",
11446,"Windows 2000 2195","172.18.0.230","",114,,"",11,2,"","\Device\NetbiosSmb","JG78290",
11397,"Windows Server 2003 3790 Service Pack 1","172.18.128.8","",0,,"",6,2,"","\Device\NetbiosSmb","FR78894",
11341,"Windows Server 2003 3790 Service Pack 1","172.18.128.13","",0,,"",14,2,"","\Device\NetbiosSmb","HE73089",
11318,"Windows 2000 2195","172.18.0.227","",271,,"",12,2,"","\Device\NetbiosSmb","HD59189",
11292,"Windows Server 2003 3790 Service Pack 1","172.18.128.12","",0,,"",16,2,"","\Device\NetbiosSmb","JM76098",
11039,"Windows Server 2003 3790 Service Pack 1","172.18.128.3","",0,,"",7,2,"","\Device\NetbiosSmb","JB76920",
11020,"Windows Server 2003 3790 Service Pack 1","172.18.128.7","",0,,"",16,2,"","\Device\NetbiosSmb","Q057035",
11011,"Windows Server 2003 3790 Service Pack 1","172.18.128.21","",0,,"",13,2,"","\Device\NetbiosSmb","KJ57037",
10977,"Windows 2002 Service Pack 3 2600","B8AD","",66,,"",0,2,"","\Device\NetBT_Tcpip_{EC8A3CA5-F812-4C0A-9C61-91EB4B6A22C9}","LS79421",
10871,"Windows 2000 2195","172.18.0.234","",1054,,"",0,2,"","\Device\NetbiosSmb","TR89111",
10864,"Windows 2000 2195","172.18.0.223","",160,,"",0,2,"","\Device\NetbiosSmb","JC79977",
10847,"Windows Server 2003 3790 Service Pack 1","172.18.128.9","",0,,"",20,2,"","\Device\NetbiosSmb","EVE1918",
10813,"Windows Server 2003 3790 Service Pack 1","172.18.128.4","",0,,"",12,2,"","\Device\NetbiosSmb","Q057031",
10752,"Windows 2000 2195","172.18.0.228","",361,,"",0,2,"","\Device\NetbiosSmb","FH56993",
10673,"Windows 2000 2195","172.18.0.237","",2910,,"",0,2,"","\Device\NetbiosSmb","MBE0742",
10630,"Windows Server 2003 3790 Service Pack 1","VCS022","",0,,"",18,2,"","\Device\NetBT_Tcpip_{EC8A3CA5-F812-4C0A-9C61-91EB4B6A22C9}","FDE1678",
10624,"Windows 2000 2195","172.18.0.230","",50,,"",11,2,"","\Device\NetbiosSmb","CE72859",
10622,"Windows 2002 Service Pack 3 2600","10.178.21.101","",545,,"",0,2,"","\Device\NetbiosSmb","BL79231",
10609,"Windows 2000 2195","172.18.2.111","",126,,"",9,2,"","\Device\NetbiosSmb","CS34515",
10548,"Windows Server 2003 3790 Service Pack 1","172.18.128.13","",0,,"",13,2,"","\Device\NetbiosSmb","SS80247",
10523,"Windows Server 2003 3790 Service Pack 1","172.18.128.24","",0,,"",13,2,"","\Device\NetbiosSmb","JG77800",
10506,"Windows 2000 2195","172.18.0.238","",39,,"",11,2,"","\Device\NetbiosSmb","AV35719",
10436,"Windows 2000 2195","172.18.40.242","",205,,"",0,2,"","\Device\NetbiosSmb","IS82841",
10386,"Windows Server 2003 3790 Service Pack 1","172.18.128.9","",0,,"",22,2,"","\Device\NetbiosSmb","LJE1915",
10379,"Windows 2000 2195","172.18.0.233","",100,,"",12,2,"","\Device\NetbiosSmb","AK72616",
10352,"Windows Server 2003 3790 Service Pack 1","172.18.128.6","",0,,"",16,2,"","\Device\NetbiosSmb","GV54696",
10329,"Windows 2000 2195","CS097","",10329,,"",0,2,"","\Device\NetBT_Tcpip_{EC8A3CA5-F812-4C0A-9C61-91EB4B6A22C9}","PO34620",
10288,"Windows Server 2003 3790 Service Pack 1","172.18.128.16","",0,,"",5,2,"","\Device\NetbiosSmb","PL76576",
10192,"Windows 2002 Service Pack 3 2600","172.18.10.248","",292,,"",1,2,"","\Device\NetbiosSmb","RH81882",
10186,"Windows 2002 Service Pack 3 2600","172.18.11.82","",185,,"",0,2,"","\Device\NetbiosSmb","MD80459",
10135,"Windows Server 2003 3790 Service Pack 1","172.18.128.20","",0,,"",13,2,"","\Device\NetbiosSmb","TV31469",
10120,"Windows Server 2003 3790 Service Pack 1","172.18.128.3","",0,,"",12,2,"","\Device\NetbiosSmb","Q006856",
10058,"Windows 2000 2195","172.18.0.51","",33,,"",9,2,"","\Device\NetbiosSmb","LK57605",
10017,"Windows 2000 2195","172.18.0.63","",0,,"",15,2,"","\Device\NetbiosSmb","MM77173",
9981,"Windows Server 2003 3790 Service Pack 1","172.18.128.25","",0,,"",23,2,"","\Device\NetbiosSmb","RJE1840",
9966,"Windows Server 2003 3790 Service Pack 1","172.18.128.8","",0,,"",6,2,"","\Device\NetbiosSmb","BGR3X1",
9955,"Windows 2000 2195","172.18.10.117","",1824,,"",0,2,"","\Device\NetbiosSmb","JQE1830",
9944,"Windows 2000 2195","172.18.0.226","",197,,"",8,2,"","\Device\NetbiosSmb","MR77186",
9831,"Windows 2000 2195","172.18.0.234","",303,,"",9,2,"","\Device\NetbiosSmb","SBE1909",
9707,"Windows Server 2003 3790 Service Pack 1","172.18.128.13","",0,,"",6,2,"","\Device\NetbiosSmb","JK79235",
9687,"Windows Server 2003 3790 Service Pack 1","172.18.128.2","",0,,"",14,2,"","\Device\NetbiosSmb","PC38794",
9686,"Windows 2000 2195","172.18.0.227","",101,,"",11,2,"","\Device\NetbiosSmb","GH72499",
9604,"Windows Server 2003 3790 Service Pack 1","VCS024","",0,,"",16,2,"","\Device\NetBT_Tcpip_{EC8A3CA5-F812-4C0A-9C61-91EB4B6A22C9}","LM59805",
9594,"Windows Server 2003 3790 Service Pack 1","172.18.128.4","",0,,"",15,2,"","\Device\NetbiosSmb","TBE1904",
9585,"Windows Server 2003 3790 Service Pack 1","172.18.128.5","",0,,"",15,2,"","\Device\NetbiosSmb","CS80908",
9567,"Windows Server 2003 3790 Service Pack 1","172.18.128.3","",0,,"",22,2,"","\Device\NetbiosSmb","RR82839",
9496,"Windows Server 2003 3790 Service Pack 1","172.18.128.17","",0,,"",5,2,"","\Device\NetbiosSmb","TD57697",
9440,"Windows Server 2003 3790 Service Pack 1","172.18.128.22","",0,,"",6,2,"","\Device\NetbiosSmb","Q051782",
9415,"Windows 2000 2195","172.18.0.238","",5817,,"",0,2,"","\Device\NetbiosSmb","MD80459",
9414,"Windows 2002 Service Pack 3 2600","B2AD","",37,,"",0,2,"","\Device\NetBT_Tcpip_{EC8A3CA5-F812-4C0A-9C61-91EB4B6A22C9}","NN54701",
9381,"Windows 2000 2195","172.18.0.237","",0,,"",9,2,"","\Device\NetbiosSmb","JK80751",
9376,"Windows 2000 2195","172.18.0.62","",24,,"",10,2,"","\Device\NetbiosSmb","RM72492",
9367,"Windows 2000 2195","172.18.0.234","",20,,"",11,2,"","\Device\NetbiosSmb","LH77797",
9342,"Windows 2000 2195","172.18.0.223","",2,,"",0,2,"","\Device\NetbiosSmb","AH80683",
9341,"Windows 2000 2195","172.18.0.63","",247,,"",11,2,"","\Device\NetbiosSmb","RF77003",
9295,"Windows Server 2003 3790 Service Pack 1","172.18.128.12","",0,,"",18,2,"","\Device\NetbiosSmb","FK76362",
9286,"Windows 2000 2195","172.18.0.225","",9184,,"",0,2,"","\Device\NetbiosSmb","ES57695",
9225,"Windows 2002 Service Pack 3 2600","172.18.10.80","",284,,"",0,2,"","\Device\NetbiosSmb","Q054493",
9175,"Windows Server 2003 3790 Service Pack 1","172.18.128.23","",0,,"",7,2,"","\Device\NetbiosSmb","JV77675",
9173,"Windows 2000 2195","172.18.0.228","",9094,,"",0,2,"","\Device\NetbiosSmb","AH78300",
9107,"Windows 2000 2195","172.18.0.232","",33,,"",10,2,"","\Device\NetbiosSmb","CK76569",
9107,"Windows Server 2003 3790 Service Pack 1","172.18.128.19","",0,,"",7,2,"","\Device\NetbiosSmb","JS79809",
9061,"Windows Server 2003 3790 Service Pack 1","172.18.128.2","",0,,"",13,2,"","\Device\NetbiosSmb","HM57374",
9059,"Windows Server 2003 3790 Service Pack 1","172.18.128.9","",2118,,"",5,2,"","\Device\NetbiosSmb","AM76858",
9054,"Windows Server 2003 3790 Service Pack 1","172.18.128.7","",0,,"",17,2,"","\Device\NetbiosSmb","RE79302",
9044,"Windows 2000 2195","172.18.2.111","",295,,"",9,2,"","\Device\NetbiosSmb","GS76752",
9034,"Windows Server 2003 3790 Service Pack 1","172.18.128.6","",0,,"",5,2,"","\Device\NetbiosSmb","MB33866",
8994,"Windows Server 2003 3790 Service Pack 1","172.18.128.13","",0,,"",14,2,"","\Device\NetbiosSmb","JP34765",
8953,"Windows Server 2003 3790 Service Pack 1","172.18.128.12","",0,,"",7,2,"","\Device\NetbiosSmb","FW78893",
8952,"Windows Server 2003 3790 Service Pack 1","172.18.128.20","",0,,"",7,2,"","\Device\NetbiosSmb","HS78222",
8884,"Windows 2000 2195","172.18.0.233","",1094,,"",0,2,"","\Device\NetbiosSmb","PW77166",
8808,"Windows Server 2003 3790 Service Pack 1","172.18.128.21","",0,,"",7,2,"","\Device\NetbiosSmb","WA38746",
8803,"Windows 2002 Service Pack 3 2600","B451","",0,,"",2,2,"","\Device\NetBT_Tcpip_{EC8A3CA5-F812-4C0A-9C61-91EB4B6A22C9}","EKE1386",
8800,"Windows Server 2003 3790 Service Pack 1","172.18.128.23","",510,,"",6,2,"","\Device\NetbiosSmb","MT77053",
8728,"Windows Server 2003 3790 Service Pack 1","S136","",4458,,"",0,2,"","\Device\NetBT_Tcpip_{836A9829-3C42-4B82-AF3B-00A2E4A58DD0}","Q055932",
8696,"Windows Server 2003 3790 Service Pack 1","172.18.128.16","",0,,"",3,2,"","\Device\NetbiosSmb","HZ38716",
8643,"Windows Server 2003 3790 Service Pack 1","172.18.128.17","",0,,"",15,2,"","\Device\NetbiosSmb","BC81276",
8577,"Windows 2000 2195","172.18.99.58","",1578,,"",1,2,"","\Device\NetbiosSmb","Q055964",
8510,"Windows Server 2003 3790 Service Pack 1","172.18.128.24","",0,,"",6,2,"","\Device\NetbiosSmb","JN79705",
8484,"Windows Server 2003 3790 Service Pack 1","172.18.128.8","",0,,"",7,2,"","\Device\NetbiosSmb","HL77918",
8456,"Windows Server 2003 3790 Service Pack 1","172.18.128.9","",0,,"",6,2,"","\Device\NetbiosSmb","Q055814",
8424,"Windows 2000 2195","CS097","",8403,,"",0,2,"","\Device\NetBT_Tcpip_{EC8A3CA5-F812-4C0A-9C61-91EB4B6A22C9}","FT78308",
8389,"Windows Server 2003 3790 Service Pack 1","172.18.128.7","",0,,"",7,2,"","\Device\NetbiosSmb","PE58730",
8291,"Windows Server 2003 3790 Service Pack 1","172.18.128.3","",0,,"",6,2,"","\Device\NetbiosSmb","MH58685",
8189,"Windows Server 2003 3790 Service Pack 1","172.18.128.23","",0,,"",7,2,"","\Device\NetbiosSmb","RB35677",
8178,"Windows Server 2003 3790 Service Pack 1","172.18.128.20","",0,,"",12,2,"","\Device\NetbiosSmb","PSE1821",
8151,"Windows Server 2003 3790 Service Pack 1","172.18.128.13","",0,,"",15,2,"","\Device\NetbiosSmb","AJ75432",
8110,"Windows Server 2003 3790 Service Pack 1","172.18.128.6","",0,,"",7,2,"","\Device\NetbiosSmb","MV57239",
8058,"Windows 2000 2195","172.18.0.231","",7229,,"",0,2,"","\Device\NetbiosSmb","WJ80977",
8025,"Windows Server 2003 3790 Service Pack 1","172.18.128.4","",0,,"",7,2,"","\Device\NetbiosSmb","JP76101",
7968,"Windows Server 2003 3790 Service Pack 1","172.18.128.25","",0,,"",7,2,"","\Device\NetbiosSmb","JJ76878",
7781,"Windows 2000 2195","B99F","",7446,,"",0,2,"","\Device\NetBT_Tcpip_{EC8A3CA5-F812-4C0A-9C61-91EB4B6A22C9}","HH59847",
7739,"Windows 2002 Service Pack 3 2600","B205","",1500,,"",2,2,"","\Device\NetBT_Tcpip_{EC8A3CA5-F812-4C0A-9C61-91EB4B6A22C9}","AME1930",
7737,"Windows 2000 2195","172.18.0.59","",7428,,"",0,2,"","\Device\NetbiosSmb","WV34437",
7720,"Windows Server 2003 3790 Service Pack 1","172.18.128.10","",0,,"",8,2,"","\Device\NetbiosSmb","SA75252",
7713,"Windows Server 2003 3790 Service Pack 1","172.18.128.7","",0,,"",6,2,"","\Device\NetbiosSmb","LHE1936",
7657,"Windows 2002 Service Pack 3 2600","B28F","",1799,,"",0,2,"","\Device\NetBT_Tcpip_{EC8A3CA5-F812-4C0A-9C61-91EB4B6A22C9}","JS34398",
7570,"Windows Server 2003 3790 Service Pack 1","172.18.128.26","",0,,"",7,2,"","\Device\NetbiosSmb","KG34520",
7503,"Windows Server 2003 3790 Service Pack 1","172.18.128.26","",0,,"",7,2,"","\Device\NetbiosSmb","CW58054",
7485,"Windows Server 2003 3790 Service Pack 1","172.18.128.10","",0,,"",22,2,"","\Device\NetbiosSmb","AKE1933",
7485,"Windows Server 2003 3790 Service Pack 1","172.18.128.10","",11,,"",14,2,"","\Device\NetbiosSmb","JD39178",
7442,"Windows 2002 Service Pack 3 2600","BCBB","",3337,,"",2,2,"","\Device\NetBT_Tcpip_{EC8A3CA5-F812-4C0A-9C61-91EB4B6A22C9}","HH38926",
7432,"Windows Server 2003 3790 Service Pack 1","172.18.128.26","",0,,"",9,2,"","\Device\NetbiosSmb","KP77930",
7432,"Windows 2002 Service Pack 3 2600","B1CD","",6978,,"",0,2,"","\Device\NetBT_Tcpip_{EC8A3CA5-F812-4C0A-9C61-91EB4B6A22C9}","Q006856",
7336,"Windows Server 2003 3790 Service Pack 1","172.18.128.12","",0,,"",12,2,"","\Device\NetbiosSmb","JC35210",
7309,"Windows Server 2003 3790 Service Pack 1","172.18.128.4","",0,,"",8,2,"","\Device\NetbiosSmb","WZ38717",
7298,"Windows Server 2003 3790 Service Pack 1","172.18.128.10","",0,,"",15,2,"","\Device\NetbiosSmb","Q055967",
7298,"Windows Server 2003 3790 Service Pack 1","172.18.128.2","",0,,"",13,2,"","\Device\NetbiosSmb","MB38370",
7283,"Windows Server 2003 3790 Service Pack 1","172.18.128.19","",0,,"",14,2,"","\Device\NetbiosSmb","Q051781",
7227,"Windows Server 2003 3790 Service Pack 1","172.18.128.26","",0,,"",7,2,"","\Device\NetbiosSmb","GZ39014",
7137,"Windows Server 2003 3790 Service Pack 1","172.18.128.10","",0,,"",13,2,"","\Device\NetbiosSmb","EKE1386",
7115,"Windows Server 2003 3790 Service Pack 1","172.18.128.10","",0,,"",5,2,"","\Device\NetbiosSmb","WT78221",
7059,"Windows Server 2003 3790 Service Pack 1","172.18.128.10","",0,,"",4,2,"","\Device\NetbiosSmb","PW57561",
6930,"Windows Server 2003 3790 Service Pack 1","172.18.128.16","",328,,"",5,2,"","\Device\NetbiosSmb","JB57334",
6895,"Windows 2000 2195","172.18.0.52","",1140,,"",0,2,"","\Device\NetbiosSmb","WS78635",
6889,"Windows 2000 2195","172.18.99.222","",6872,,"",0,2,"","\Device\NetbiosSmb","WD82533",
6878,"Windows Server 2003 3790 Service Pack 1","172.18.128.10","",0,,"",15,2,"","\Device\NetbiosSmb","PV79339",
6871,"Windows Server 2003 3790 Service Pack 1","172.18.128.10","",182,,"",5,2,"","\Device\NetbiosSmb","AP78703",
6870,"Windows Server 2003 3790 Service Pack 1","172.18.128.26","",0,,"",6,2,"","\Device\NetbiosSmb","PA37980",
6860,"Windows Server 2003 3790 Service Pack 1","172.18.128.10","",0,,"",18,2,"","\Device\NetbiosSmb","PDE1768",
6802,"Windows Server 2003 3790 Service Pack 1","172.18.128.24","",0,,"",7,2,"","\Device\NetbiosSmb","MM59054",
6802,"Windows Server 2003 3790 Service Pack 1","172.18.128.21","",0,,"",16,2,"","\Device\NetbiosSmb","TK78109",
6797,"Windows Server 2003 3790 Service Pack 1","172.18.128.24","",0,,"",7,2,"","\Device\NetbiosSmb","MT80422",
6685,"Windows 2002 Service Pack 3 2600","B12A","",5394,,"",0,2,"","\Device\NetBT_Tcpip_{EC8A3CA5-F812-4C0A-9C61-91EB4B6A22C9}","JJ77164",
6685,"Windows 2002 Service Pack 3 2600","B442","",5520,,"",0,2,"","\Device\NetBT_Tcpip_{EC8A3CA5-F812-4C0A-9C61-91EB4B6A22C9}","HR72615",
6537,"Windows Server 2003 3790 Service Pack 1","172.18.128.26","",0,,"",13,2,"","\Device\NetbiosSmb","PV77025",
6516,"Windows 2002 Service Pack 3 2600","BF70","",6338,,"",0,2,"","\Device\NetBT_Tcpip_{EC8A3CA5-F812-4C0A-9C61-91EB4B6A22C9}","HA73510",
6293,"Windows 2000 2195","172.18.0.51","",238,,"",12,2,"","\Device\NetbiosSmb","JM78886",
6254,"Windows 2000 2195","172.18.2.111","",6235,,"",0,2,"","\Device\NetbiosSmb","LH82748",
6235,"Windows Server 2003 3790 Service Pack 1","172.18.128.10","",0,,"",8,2,"","\Device\NetbiosSmb","JA75779",
6203,"Windows 2002 Service Pack 3 2600","B6A6","",118,,"",0,2,"","\Device\NetBT_Tcpip_{EC8A3CA5-F812-4C0A-9C61-91EB4B6A22C9}","JV76932",
6135,"Windows 2002 Service Pack 3 2600","BC3D","",4278,,"",0,2,"","\Device\NetBT_Tcpip_{EC8A3CA5-F812-4C0A-9C61-91EB4B6A22C9}","GP32949",
5956,"Windows Server 2003 3790 Service Pack 1","172.18.128.19","",0,,"",14,2,"","\Device\NetbiosSmb","AR77244",
5897,"Windows Server 2003 3790 Service Pack 1","172.18.128.26","",0,,"",7,2,"","\Device\NetbiosSmb","HF77375",
5868,"Windows Server 2003 3790 Service Pack 1","172.18.128.10","",0,,"",16,2,"","\Device\NetbiosSmb","WW76807",
5799,"Windows 2000 2195","172.18.98.250","",115,,"",0,2,"","\Device\NetbiosSmb","Q055913",
5763,"Windows 2002 Service Pack 3 2600","B327","",2919,,"",3,2,"","\Device\NetBT_Tcpip_{EC8A3CA5-F812-4C0A-9C61-91EB4B6A22C9}","BB72486",
5751,"Windows Server 2003 3790 Service Pack 1","172.18.128.10","",0,,"",13,2,"","\Device\NetbiosSmb","Q055913",
5745,"Windows Server 2003 3790 Service Pack 1","172.18.128.26","",7,,"",12,2,"","\Device\NetbiosSmb","WK76856",
5692,"Windows Server 2003 3790 Service Pack 1","172.18.128.25","",0,,"",7,2,"","\Device\NetbiosSmb","WH77883",
5601,"Windows 2000 2195","172.18.0.228","",5487,,"",0,2,"","\Device\NetbiosSmb","AP58476",
5422,"Windows 2000 2195","172.18.0.228","",5393,,"",0,2,"","\Device\NetbiosSmb","WW76807",
5377,"Windows 2002 Service Pack 3 2600","B448","",2295,,"",0,2,"","\Device\NetBT_Tcpip_{EC8A3CA5-F812-4C0A-9C61-91EB4B6A22C9}","Q055642",
5328,"Windows Server 2003 3790 Service Pack 1","172.18.128.26","",0,,"",14,2,"","\Device\NetbiosSmb","WH75386",
5279,"Windows 2000 2195","172.18.0.230","",13,,"",0,2,"","\Device\NetbiosSmb","FD79822",
5181,"Windows 2002 Service Pack 3 2600","B26C","",138,,"",2,2,"","\Device\NetBT_Tcpip_{EC8A3CA5-F812-4C0A-9C61-91EB4B6A22C9}","LJE1915",
5047,"Windows Server 2003 3790 Service Pack 1","172.18.128.18","",270,,"",0,2,"","\Device\NetbiosSmb","Q055913",
4989,"Windows Server 2003 3790 Service Pack 1","172.18.128.10","",0,,"",5,2,"","\Device\NetbiosSmb","GH75750",
4970,"Windows 2002 Service Pack 3 2600","BAC7","",150,,"",0,2,"","\Device\NetBT_Tcpip_{EC8A3CA5-F812-4C0A-9C61-91EB4B6A22C9}","Q053818",
4901,"Windows 2002 Service Pack 3 2600","172.18.11.85","",300,,"",0,2,"","\Device\NetbiosSmb","SBE1909",
4887,"Windows Server 2003 3790 Service Pack 1","172.18.128.26","",85,,"",5,2,"","\Device\NetbiosSmb","RN57378",
4869,"Windows Server 2003 3790 Service Pack 1","172.18.128.5","",0,,"",8,2,"","\Device\NetbiosSmb","MM56638",
4772,"Windows 2000 2195","172.18.0.51","",52,,"",11,2,"","\Device\NetbiosSmb","EC80659",
4752,"Windows 2000 2195","172.18.0.227","",4551,,"",0,2,"","\Device\NetbiosSmb","BGR3A1",
4628,"Windows 2000 2195","172.18.0.236","",207,,"",11,2,"","\Device\NetbiosSmb","PH79303",
4530,"Windows 2000 2195","172.18.0.225","",4507,,"",0,2,"","\Device\NetbiosSmb","RM75974",
4515,"Windows 2000 2195","172.18.10.252","",3388,,"",0,2,"","\Device\NetbiosSmb","RV56540",
4365,"Windows Server 2003 3790 Service Pack 1","172.18.128.11","",0,,"",14,2,"","\Device\NetbiosSmb","Q055697",
4305,"Windows Server 2003 3790 Service Pack 1","172.18.128.11","",0,,"",8,2,"","\Device\NetbiosSmb","MS79931",
4296,"Windows 2000 2195","172.18.0.234","",8,,"",11,2,"","\Device\NetbiosSmb","HM37866",
4230,"Windows Server 2003 3790 Service Pack 1","172.18.128.11","",0,,"",14,2,"","\Device\NetbiosSmb","GW59153",
4153,"Windows 2000 2195","172.18.10.114","",135,,"",1,2,"","\Device\NetbiosSmb","Q055814",
4020,"Windows Server 2003 3790 Service Pack 1","172.18.128.11","",0,,"",15,2,"","\Device\NetbiosSmb","RVE1769",
3808,"Windows 2000 2195","172.18.0.53","",1398,,"",2,2,"","\Device\NetbiosSmb","JL76862",
3470,"Windows Server 2003 3790 Service Pack 1","172.18.128.11","",0,,"",7,2,"","\Device\NetbiosSmb","DJE1690",
3446,"Windows Server 2003 3790 Service Pack 1","172.18.128.10","",0,,"",14,2,"","\Device\NetbiosSmb","CC76806",
3444,"Windows Server 2003 3790 Service Pack 1","VCS024","",0,,"",8,2,"","\Device\NetBT_Tcpip_{EC8A3CA5-F812-4C0A-9C61-91EB4B6A22C9}","HA38314",
3427,"Windows Server 2003 3790 Service Pack 1","172.18.128.11","",0,,"",12,2,"","\Device\NetbiosSmb","AL82211",
3262,"Windows 2000 2195","172.18.0.236","",97,,"",11,2,"","\Device\NetbiosSmb","DHE0576",
3262,"Windows Server 2003 3790 Service Pack 1","VCS022","",0,,"",16,2,"","\Device\NetBT_Tcpip_{EC8A3CA5-F812-4C0A-9C61-91EB4B6A22C9}","MB77024",
3249,"Windows 2000 2195","172.18.0.230","",1086,,"",0,2,"","\Device\NetbiosSmb","IO82606",
3225,"Windows 2000 2195","172.18.0.237","",26,,"",13,2,"","\Device\NetbiosSmb","WC38323",
3132,"Windows Server 2003 3790 Service Pack 1","172.18.128.11","",2794,,"",4,2,"","\Device\NetbiosSmb","CM54999",
3001,"Windows 2000 2195","CS097","",2969,,"",0,2,"","\Device\NetBT_Tcpip_{EC8A3CA5-F812-4C0A-9C61-91EB4B6A22C9}","MH76923",
2990,"Windows 2000 2195","172.18.0.231","",2819,,"",0,2,"","\Device\NetbiosSmb","FG80842",
2979,"Windows 2000 2195","172.18.0.233","",167,,"",10,2,"","\Device\NetbiosSmb","JN77394",
2826,"Windows 2000 2195","172.18.0.234","",25,,"",0,2,"","\Device\NetbiosSmb","Q053921",
2690,"Windows 2000 2195","172.18.0.232","",2259,,"",0,2,"","\Device\NetbiosSmb","JF76750",
2521,"Windows 2000 2195","172.18.0.52","",271,,"",9,2,"","\Device\NetbiosSmb","JS37023",
2491,"Windows 2000 2195","172.18.10.26","",93,,"",0,2,"","\Device\NetbiosSmb","Q051782",
2471,"Windows 2002 Service Pack 3 2600","BA83","",1038,,"",2,2,"","\Device\NetBT_Tcpip_{EC8A3CA5-F812-4C0A-9C61-91EB4B6A22C9}","RC79831",
2404,"Windows 2000 2195","172.18.0.226","",11,,"",9,2,"","\Device\NetbiosSmb","MCE1908",
2313,"Windows 2002 Service Pack 3 2600","B26F","",1938,,"",0,2,"","\Device\NetBT_Tcpip_{EC8A3CA5-F812-4C0A-9C61-91EB4B6A22C9}","MR77186",
2157,"Windows Server 2003 3790 Service Pack 1","172.18.128.19","",0,,"",7,2,"","\Device\NetbiosSmb","JV77803",
2114,"Windows Server 2003 3790 Service Pack 1","172.18.128.17","",533,,"",5,2,"","\Device\NetbiosSmb","AF57310",
2096,"Windows Server 2003 3790 Service Pack 1","172.18.128.26","",0,,"",4,2,"","\Device\NetbiosSmb","VN79900",
2063,"Windows 2002 Service Pack 3 2600","B18E","",1758,,"",0,2,"","\Device\NetBT_Tcpip_{EC8A3CA5-F812-4C0A-9C61-91EB4B6A22C9}","MM77152",
1949,"Windows Server 2003 3790 Service Pack 1","172.18.128.26","",0,,"",5,2,"","\Device\NetbiosSmb","BP39686",
1929,"Windows Server 2003 3790 Service Pack 1","172.18.128.10","",0,,"",14,2,"","\Device\NetbiosSmb","FS77390",
1886,"Windows Server 2003 3790 Service Pack 1","172.18.128.4","",0,,"",17,2,"","\Device\NetbiosSmb","RH77243",
1836,"Windows 2000 2195","172.18.0.63","",891,,"",0,2,"","\Device\NetbiosSmb","PP78944",
1777,"Windows Server 2003 3790 Service Pack 1","172.18.128.11","",0,,"",7,2,"","\Device\NetbiosSmb","MG75477",
1714,"Windows Server 2003 3790 Service Pack 1","172.18.128.11","",0,,"",7,2,"","\Device\NetbiosSmb","JS58338",
1604,"Windows 2002 Service Pack 3 2600","172.18.11.16","",0,,"",1,2,"","\Device\NetbiosSmb","Q053919",
1571,"Windows Server 2003 3790 Service Pack 1","172.18.128.26","",0,,"",12,2,"","\Device\NetbiosSmb","Q055973",
1559,"Windows 2000 2195","172.18.0.59","",262,,"",0,2,"","\Device\NetbiosSmb","Q054469",
1442,"Windows Server 2003 3790 Service Pack 1","172.18.128.26","",0,,"",8,2,"","\Device\NetbiosSmb","MV78160",
1405,"Windows Server 2003 3790 Service Pack 1","172.18.128.13","",0,,"",5,2,"","\Device\NetbiosSmb","CM54999",
1291,"Windows Server 2003 3790 Service Pack 1","172.18.128.20","",0,,"",14,2,"","\Device\NetbiosSmb","RD77261",
1234,"Windows 2000 2195","172.18.99.25","",79,,"",0,2,"","\Device\NetbiosSmb","JN79515",
1036,"Windows Server 2003 3790 Service Pack 1","172.18.128.20","",858,,"",5,2,"","\Device\NetbiosSmb","TR89111",
839,"Windows Server 2003 3790 Service Pack 1","194.13.7.14","",266,,"",0,2,"","\Device\NetbiosSmb","Q055817",
814,"Windows 2000 2195","172.18.16.102","",784,,"",0,2,"","\Device\NetbiosSmb","SA39900",
737,"Windows Server 2003 3790 Service Pack 1","172.18.128.11","",0,,"",5,2,"","\Device\NetbiosSmb","JS37023",
735,"Windows 2000 2195","172.18.41.122","",701,,"",0,2,"","\Device\NetbiosSmb","KH37056",
732,"Windows Server 2003 3790 Service Pack 1","172.18.128.6","",0,,"",5,2,"","\Device\NetbiosSmb","SA39900",
679,"Windows 2000 2195","172.18.0.228","",598,,"",0,2,"","\Device\NetbiosSmb","JV89067",
663,"Windows Server 2003 3790 Service Pack 1","172.18.128.9","",0,,"",5,2,"","\Device\NetbiosSmb","WB72466",
658,"Windows Server 2003 3790 Service Pack 1","172.18.128.25","",0,,"",4,2,"","\Device\NetbiosSmb","HS77096",
656,"Windows Server 2003 3790 Service Pack 1","172.18.128.5","",22,,"",4,2,"","\Device\NetbiosSmb","HS77096",
646,"Windows 2002 Service Pack 3 2600","B086","",645,,"",0,2,"","\Device\NetBT_Tcpip_{EC8A3CA5-F812-4C0A-9C61-91EB4B6A22C9}","HA38314",
634,"Windows Server 2003 3790 Service Pack 1","172.18.128.17","",0,,"",12,2,"","\Device\NetbiosSmb","KH37056",
628,"Windows 2000 2195","172.18.0.223","",21,,"",16,2,"","\Device\NetbiosSmb","CL76468",
580,"Windows 2000 2195","172.18.41.106","",510,,"",0,2,"","\Device\NetbiosSmb","FM37154",
579,"Windows 2000 2195","172.18.11.8","",135,,"",0,2,"","\Device\NetbiosSmb","PDE1768",
544,"Windows 2002 Service Pack 3 2600","172.18.11.118","",541,,"",0,2,"","\Device\NetbiosSmb","FGR3X1",
508,"Windows Server 2003 3790 Service Pack 1","172.18.128.26","",0,,"",6,2,"","\Device\NetbiosSmb","FGR3X1",
494,"Windows 2000 2195","172.18.14.35","",123,,"",0,2,"","\Device\NetbiosSmb","WP77442",
476,"Windows Server 2003 3790 Service Pack 1","172.18.128.22","",0,,"",8,2,"","\Device\NetbiosSmb","GT35380",
465,"Windows Server 2003 3790 Service Pack 1","172.18.128.19","",0,,"",12,2,"","\Device\NetbiosSmb","FM37154",
435,"Windows 2002 Service Pack 3 2600","172.18.10.12","",0,,"",3,2,"","\Device\NetbiosSmb","JS57228",
406,"Windows 2000 2195","172.18.16.151","",406,,"",0,2,"","\Device\NetbiosSmb","RH76562",
403,"Windows 2000 2195","172.18.10.68","",69,,"",0,2,"","\Device\NetbiosSmb","JS78929",
393,"Windows 2000 2195","172.18.10.17","",376,,"",0,2,"","\Device\NetbiosSmb","GP77202",
386,"Windows 2000 2195","172.18.0.228","",371,,"",0,2,"","\Device\NetbiosSmb","AD72246",
379,"Windows Server 2003 3790 Service Pack 1","172.18.128.24","",0,,"",13,2,"","\Device\NetbiosSmb","JS57228",
365,"Windows 2000 2195","10.178.20.181","",181,,"",0,2,"","\Device\NetbiosSmb","MS56582",
354,"Windows 2000 2195","172.18.0.231","",0,,"",10,2,"","\Device\NetbiosSmb","GP77202",
304,"Windows 2000 2195","172.18.14.77","",14,,"",0,2,"","\Device\NetbiosSmb","SPE1805",
281,"Windows 2000 2195","172.18.40.79","",182,,"",0,2,"","\Device\NetbiosSmb","LS90014",
270,"Windows 2000 2195","172.18.40.215","",255,,"",0,2,"","\Device\NetbiosSmb","AG39474",
263,"Windows 2000 2195","172.18.95.12","",263,,"",0,2,"","\Device\NetbiosSmb","MJ81009",
254,"Windows 2002 Service Pack 3 2600","172.18.12.128","",246,,"",0,2,"","\Device\NetbiosSmb","TH77009",
235,"Windows 2000 2195","172.18.0.230","",0,,"",11,2,"","\Device\NetbiosSmb","AG39474",
202,"Windows 2000 2195","BD5C","",184,,"",0,2,"","\Device\NetBT_Tcpip_{EC8A3CA5-F812-4C0A-9C61-91EB4B6A22C9}","PR76329",
196,"Windows 2000 2195","172.18.0.223","",26,,"",0,2,"","\Device\NetbiosSmb","TH77009",
193,"Windows Server 2003 3790 Service Pack 1","172.18.128.20","",0,,"",6,2,"","\Device\NetbiosSmb","JS78929",
159,"Windows Server 2003 3790 Service Pack 1","172.18.128.5","",0,,"",5,2,"","\Device\NetbiosSmb","PR76329",
106,"Windows 2000 2195","10.178.20.60","",106,,"",0,2,"","\Device\NetbiosSmb","JH79363",
89,"Windows 2002 Service Pack 3 2600","10.178.20.254","",73,,"",0,2,"","\Device\NetbiosSmb","RL78766",
50,"Windows 2002 Service Pack 3 2600","10.178.20.178","",0,,"",3,2,"","\Device\NetbiosSmb","Q053923",
33,"Windows Server 2003 3790 Service Pack 1","172.18.128.3","",0,,"",7,2,"","\Device\NetbiosSmb","EC80659",
32,"Windows Server 2003 3790 Service Pack 2","10.178.0.12","",0,,"",1,2,"","\Device\NetbiosSmb","ADM1",
28,"Windows 2000 2195","172.18.0.238","",0,,"",0,2,"","\Device\NetbiosSmb","NN54701",
25,"Windows Server 2003 3790 Service Pack 1","172.18.128.26","",0,,"",1,2,"","\Device\NetbiosSmb","MJ78277",
24,"Windows 2000 2195","172.18.0.53","",0,,"",1,2,"","\Device\NetbiosSmb","JH28595",
18,"Windows 2000 2195","172.18.2.132","",18,,"",0,2,"","\Device\NetbiosSmb","CB37528",
4,"Windows 2000 2195","172.18.2.111","",4,,"",0,2,"","\Device\NetbiosSmb","CS002$",
